segment_id,file,start_time,end_time,start_row,end_row,anomaly_rows,cycle_ids,page_nos,set_powers,mean_real_power,mean_predicted_power,mean_page_median_power,max_anomaly_score,max_risk_ratio,inspection_reason,contains_zero_power,true_anomaly_rows,same_page_repeat,priority
WeldingTest_04_NG_004,WeldingTest_04_NG,2022-08-03 16:35:45.705,2022-08-03 17:47:02.353,78,350,273,"3,4,5,6,7,8,9","1,2,3,4,5,6,7,8,9,10,11,12,13,14,15,16,17,18,19,20,21,22,23,24,25,26,27,28,29,30,31,32,33,34,35,36,37,38,39","35,38,82,83",676.9,1292.3,1313.3,198.987,54.422,"출력 저하 - 광학계/렌즈 오염, 레이저 소스 점검",True,273,0,긴급
WeldingTest_03_NG_001,WeldingTest_03_NG,2022-08-03 09:11:07.698,2022-08-03 09:11:07.698,13,13,1,1,14,35,630.0,677.6,688.0,13.764,3.764,"출력 저하 - 광학계/렌즈 오염, 레이저 소스 점검 + 출력 설정값(레시피) 확인",False,1,19,높음(동일 포인트 반복)
WeldingTest_03_NG_002,WeldingTest_03_NG,2022-08-03 09:14:06.191,2022-08-03 09:14:06.191,52,52,1,2,14,35,632.0,677.9,688.0,13.251,3.624,"출력 저하 - 광학계/렌즈 오염, 레이저 소스 점검 + 출력 설정값(레시피) 확인",False,1,19,높음(동일 포인트 반복)
WeldingTest_03_NG_003,WeldingTest_03_NG,2022-08-03 09:20:55.772,2022-08-03 09:20:55.772,91,91,1,3,14,35,630.0,677.7,688.0,13.787,3.771,"출력 저하 - 광학계/렌즈 오염, 레이저 소스 점검 + 출력 설정값(레시피) 확인",False,1,19,높음(동일 포인트 반복)
WeldingTest_03_NG_004,WeldingTest_03_NG,2022-08-03 09:32:56.460,2022-08-03 09:32:56.460,130,130,1,4,14,35,630.0,675.4,688.0,13.102,3.583,"출력 저하 - 광학계/렌즈 오염, 레이저 소스 점검 + 출력 설정값(레시피) 확인",False,1,19,높음(동일 포인트 반복)
WeldingTest_03_NG_005,WeldingTest_03_NG,2022-08-03 09:35:55.350,2022-08-03 09:35:55.350,169,169,1,5,14,35,632.0,674.7,688.0,12.318,3.369,"출력 저하 - 광학계/렌즈 오염, 레이저 소스 점검 + 출력 설정값(레시피) 확인",False,1,19,높음(동일 포인트 반복)
WeldingTest_03_NG_006,WeldingTest_03_NG,2022-08-03 09:39:24.180,2022-08-03 09:39:24.180,208,208,1,6,14,35,632.0,677.9,688.0,13.241,3.621,"출력 저하 - 광학계/렌즈 오염, 레이저 소스 점검 + 출력 설정값(레시피) 확인",False,1,19,높음(동일 포인트 반복)
WeldingTest_03_NG_007,WeldingTest_03_NG,2022-08-03 09:42:29.667,2022-08-03 09:42:29.667,247,247,1,7,14,35,632.0,677.9,688.0,13.269,3.629,"출력 저하 - 광학계/렌즈 오염, 레이저 소스 점검 + 출력 설정값(레시피) 확인",False,1,19,높음(동일 포인트 반복)
WeldingTest_03_NG_008,WeldingTest_03_NG,2022-08-03 09:45:27.541,2022-08-03 09:45:27.541,286,286,1,8,14,35,632.0,674.7,688.0,12.318,3.369,"출력 저하 - 광학계/렌즈 오염, 레이저 소스 점검 + 출력 설정값(레시피) 확인",False,1,19,높음(동일 포인트 반복)
WeldingTest_03_NG_010,WeldingTest_03_NG,2022-08-03 09:57:20.661,2022-08-03 09:57:20.661,325,325,1,9,14,35,630.0,677.9,688.0,13.834,3.783,"출력 저하 - 광학계/렌즈 오염, 레이저 소스 점검 + 출력 설정값(레시피) 확인",False,1,19,높음(동일 포인트 반복)
WeldingTest_03_NG_011,WeldingTest_03_NG,2022-08-03 10:11:30.155,2022-08-03 10:11:30.155,442,442,1,12,14,35,632.0,677.8,688.0,13.228,3.618,"출력 저하 - 광학계/렌즈 오염, 레이저 소스 점검 + 출력 설정값(레시피) 확인",False,1,19,높음(동일 포인트 반복)
WeldingTest_03_NG_012,WeldingTest_03_NG,2022-08-03 10:25:01.059,2022-08-03 10:25:01.059,481,481,1,13,14,35,630.0,678.0,688.0,13.867,3.792,"출력 저하 - 광학계/렌즈 오염, 레이저 소스 점검 + 출력 설정값(레시피) 확인",False,1,19,높음(동일 포인트 반복)
WeldingTest_03_NG_013,WeldingTest_03_NG,2022-08-03 10:53:11.253,2022-08-03 10:53:11.253,520,520,1,14,14,35,630.0,677.8,688.0,13.808,3.776,"출력 저하 - 광학계/렌즈 오염, 레이저 소스 점검 + 출력 설정값(레시피) 확인",False,1,19,높음(동일 포인트 반복)
WeldingTest_03_NG_014,WeldingTest_03_NG,2022-08-03 10:57:33.035,2022-08-03 10:57:33.035,559,559,1,15,14,35,630.0,677.9,688.0,13.834,3.783,"출력 저하 - 광학계/렌즈 오염, 레이저 소스 점검 + 출력 설정값(레시피) 확인",False,1,19,높음(동일 포인트 반복)
WeldingTest_03_NG_015,WeldingTest_03_NG,2022-08-03 11:00:32.164,2022-08-03 11:00:32.164,598,598,1,16,14,35,632.0,678.0,688.0,13.284,3.633,"출력 저하 - 광학계/렌즈 오염, 레이저 소스 점검 + 출력 설정값(레시피) 확인",False,1,19,높음(동일 포인트 반복)
WeldingTest_03_NG_016,WeldingTest_03_NG,2022-08-03 11:03:41.320,2022-08-03 11:03:41.320,637,637,1,17,14,35,632.0,677.8,688.0,13.228,3.618,"출력 저하 - 광학계/렌즈 오염, 레이저 소스 점검 + 출력 설정값(레시피) 확인",False,1,19,높음(동일 포인트 반복)
WeldingTest_03_NG_017,WeldingTest_03_NG,2022-08-03 11:09:33.549,2022-08-03 11:09:33.549,676,676,1,18,14,35,630.0,677.8,688.0,13.808,3.776,"출력 저하 - 광학계/렌즈 오염, 레이저 소스 점검 + 출력 설정값(레시피) 확인",False,1,19,높음(동일 포인트 반복)
WeldingTest_03_NG_018,WeldingTest_03_NG,2022-08-03 11:12:32.702,2022-08-03 11:12:32.702,715,715,1,19,14,35,632.0,677.8,688.0,13.228,3.618,"출력 저하 - 광학계/렌즈 오염, 레이저 소스 점검 + 출력 설정값(레시피) 확인",False,1,19,높음(동일 포인트 반복)
WeldingTest_03_NG_019,WeldingTest_03_NG,2022-08-03 11:18:12.820,2022-08-03 11:18:12.820,754,754,1,20,14,35,630.0,677.6,688.0,13.764,3.764,"출력 저하 - 광학계/렌즈 오염, 레이저 소스 점검 + 출력 설정값(레시피) 확인",False,1,19,높음(동일 포인트 반복)
WeldingTest_03_NG_020,WeldingTest_03_NG,2022-08-03 11:35:03.643,2022-08-03 11:35:03.643,793,793,1,21,14,35,631.0,677.9,688.0,13.542,3.704,"출력 저하 - 광학계/렌즈 오염, 레이저 소스 점검 + 출력 설정값(레시피) 확인",False,1,19,높음(동일 포인트 반복)
WeldingTest_04_NG_001,WeldingTest_04_NG,2022-08-03 15:24:13.743,2022-08-03 15:24:37.903,1,8,8,1,"2,3,4,5,6,7,8,9","82,83",1708.8,1703.8,1701.5,5.677,1.552,출력 과다 - 출력 제어부/설정값 점검,False,0,0,높음
WeldingTest_02_OK_001,WeldingTest_02_OK,2022-02-11 11:05:47.853,2022-02-11 11:05:47.853,642,642,1,17,19,83,1692.0,1616.1,1708.0,8.63,2.36,"출력 저하 - 광학계/렌즈 오염, 레이저 소스 점검",False,0,1,보통
WeldingTest_03_NG_009,WeldingTest_03_NG,2022-08-03 09:45:33.941,2022-08-03 09:45:33.941,288,288,1,8,16,38,682.0,669.2,688.0,3.681,1.007,"출력 저하 - 광학계/렌즈 오염, 레이저 소스 점검",False,0,1,보통
WeldingTest_04_NG_002,WeldingTest_04_NG,2022-08-03 15:24:43.917,2022-08-03 15:24:47.181,10,11,2,1,"11,12","82,83",1208.5,1703.1,1706.5,128.298,35.089,설정-출력 불일치 - 데이터 수집/동기화 확인,False,0,1,보통
WeldingTest_04_NG_003,WeldingTest_04_NG,2022-08-03 15:25:03.363,2022-08-03 15:25:03.363,17,17,1,1,18,38,1717.0,692.0,688.0,295.844,80.911,설정-출력 불일치 - 데이터 수집/동기화 확인,False,0,1,보통
