dataset,group_type,group_value,count,mean,std,min,median,max,anomaly_count,label_anomaly_count
Training_Data,SetPower,38,52215,687.504,12.076,0,688.0,693,,
Training_Data,SetPower,82,41772,1689.036,29.826,0,1690.0,1713,,
Training_Data,SetPower,83,41772,1710.744,30.208,0,1713.0,1733,,
Training_Data,Recipe,S100_L120.6_P83,176,1725.858,4.305,1713,1726.5,1733,,
Training_Data,Recipe,S120_L120.6_P82,168,1704.405,5.894,1687,1705.0,1713,,
Training_Data,Recipe,S150_L120.6_P82,12,1700.167,7.133,1683,1702.5,1709,,
Training_Data,Recipe,S175_L120.6_P82,12,1699.75,7.35,1682,1702.0,1709,,
Training_Data,Recipe,S250_L241.1_P82,20790,1686.282,29.888,0,1688.0,1704,,
Training_Data,Recipe,S250_L241.1_P83,20806,1711.576,30.204,0,1713.0,1729,,
Training_Data,Recipe,S250_L241.2_P82,20790,1691.653,29.619,0,1693.0,1707,,
Training_Data,Recipe,S250_L241.2_P83,20790,1709.784,30.279,0,1712.0,1728,,
Training_Data,Recipe,S30_L19.4_P38,52215,687.504,12.076,0,688.0,693,,
Training_Data,PageNo,1,3481,1677.782,29.467,0,1680.0,1693,,
Training_Data,PageNo,2,3481,1703.043,29.941,0,1705.0,1721,,
Training_Data,PageNo,3,3481,1684.927,29.525,0,1687.0,1702,,
Training_Data,PageNo,4,3481,1707.764,29.99,0,1709.0,1726,,
Training_Data,PageNo,5,3481,1687.803,29.54,0,1689.0,1705,,
Training_Data,PageNo,6,3481,1710.616,30.035,0,1712.0,1728,,
Training_Data,PageNo,7,3481,1686.04,29.483,0,1688.0,1703,,
Training_Data,PageNo,8,3481,1710.446,30.007,0,1712.0,1728,,
Training_Data,PageNo,9,3481,1689.928,29.51,0,1692.0,1708,,
Training_Data,PageNo,10,3481,1712.914,30.032,0,1714.0,1731,,
Training_Data,PageNo,11,3481,1691.615,29.535,0,1693.0,1711,,
Training_Data,PageNo,12,3481,1714.334,30.04,0,1716.0,1733,,
Training_Data,PageNo,13,3481,687.643,12.086,0,688.0,693,,
Training_Data,PageNo,14,3481,687.266,12.065,0,688.0,693,,
Training_Data,PageNo,15,3481,687.462,12.074,0,688.0,693,,
Training_Data,PageNo,16,3481,687.247,12.066,0,688.0,693,,
Training_Data,PageNo,17,3481,687.229,12.062,0,688.0,693,,
Training_Data,PageNo,18,3481,687.228,12.057,0,688.0,693,,
Training_Data,PageNo,19,3481,1704.83,29.856,0,1707.0,1718,,
Training_Data,PageNo,20,3481,1687.783,29.446,0,1689.0,1702,,
Training_Data,PageNo,21,3481,1710.741,29.955,0,1713.0,1724,,
Training_Data,PageNo,22,3481,1690.454,29.469,0,1692.0,1707,,
Training_Data,PageNo,23,3481,1713.069,29.985,0,1714.0,1728,,
Training_Data,PageNo,24,3481,1692.277,29.518,0,1694.0,1709,,
Training_Data,PageNo,25,3481,1711.043,29.964,0,1713.0,1726,,
Training_Data,PageNo,26,3481,1691.809,29.501,0,1693.0,1708,,
Training_Data,PageNo,27,3481,1714.403,29.996,0,1716.0,1731,,
Training_Data,PageNo,28,3481,1693.515,29.513,0,1695.0,1711,,
Training_Data,PageNo,29,3481,1715.725,30.007,0,1717.0,1733,,
Training_Data,PageNo,30,3481,1694.497,29.515,0,1697.0,1713,,
Training_Data,PageNo,31,3481,687.982,12.094,0,688.0,693,,
Training_Data,PageNo,32,3481,687.289,12.041,0,688.0,693,,
Training_Data,PageNo,33,3481,687.905,12.102,0,688.0,693,,
Training_Data,PageNo,34,3481,687.586,12.081,0,688.0,693,,
Training_Data,PageNo,35,3481,687.706,12.094,0,688.0,693,,
Training_Data,PageNo,36,3481,687.537,12.083,0,688.0,693,,
Training_Data,PageNo,37,3481,687.483,12.077,0,688.0,693,,
Training_Data,PageNo,38,3481,687.644,12.09,0,688.0,693,,
Training_Data,PageNo,39,3481,687.354,12.066,0,688.0,693,,
WeldingTest_01_OK,SetPower,38,750,682.508,0.5,682,683.0,683,0.0,0.0
WeldingTest_01_OK,SetPower,82,600,1675.857,5.195,1661,1677.0,1684,0.0,0.0
WeldingTest_01_OK,SetPower,83,600,1697.693,4.248,1687,1698.0,1704,0.0,0.0
WeldingTest_01_OK,Recipe,S250_L241.1_P82,300,1672.79,5.265,1661,1674.0,1682,0.0,0.0
WeldingTest_01_OK,Recipe,S250_L241.1_P83,300,1698.727,3.868,1690,1699.0,1704,0.0,0.0
WeldingTest_01_OK,Recipe,S250_L241.2_P82,300,1678.923,2.732,1673,1679.0,1684,0.0,0.0
WeldingTest_01_OK,Recipe,S250_L241.2_P83,300,1696.66,4.364,1687,1698.0,1704,0.0,0.0
WeldingTest_01_OK,Recipe,S30_L19.4_P38,750,682.508,0.5,682,683.0,683,0.0,0.0
WeldingTest_01_OK,PageNo,1,50,1663.8,2.474,1661,1662.0,1667,0.0,0.0
WeldingTest_01_OK,PageNo,2,50,1689.72,2.634,1687,1688.5,1694,0.0,0.0
WeldingTest_01_OK,PageNo,3,50,1671.06,2.535,1667,1670.0,1675,0.0,0.0
WeldingTest_01_OK,PageNo,4,50,1694.72,2.491,1692,1693.5,1698,0.0,0.0
WeldingTest_01_OK,PageNo,5,50,1674.26,2.57,1671,1673.5,1678,0.0,0.0
WeldingTest_01_OK,PageNo,6,50,1697.2,2.148,1695,1697.0,1700,0.0,0.0
WeldingTest_01_OK,PageNo,7,50,1672.22,2.073,1670,1671.0,1675,0.0,0.0
WeldingTest_01_OK,PageNo,8,50,1697.04,2.05,1694,1697.0,1700,0.0,0.0
WeldingTest_01_OK,PageNo,9,50,1676.7,2.003,1674,1677.0,1680,0.0,0.0
WeldingTest_01_OK,PageNo,10,50,1699.96,1.948,1698,1699.0,1703,0.0,0.0
WeldingTest_01_OK,PageNo,11,50,1678.7,1.555,1677,1678.0,1682,0.0,0.0
WeldingTest_01_OK,PageNo,12,50,1701.32,1.942,1699,1700.0,1704,0.0,0.0
WeldingTest_01_OK,PageNo,13,50,682.58,0.499,682,683.0,683,0.0,0.0
WeldingTest_01_OK,PageNo,14,50,682.28,0.454,682,682.0,683,0.0,0.0
WeldingTest_01_OK,PageNo,15,50,682.48,0.505,682,682.0,683,0.0,0.0
WeldingTest_01_OK,PageNo,16,50,682.4,0.495,682,682.0,683,0.0,0.0
WeldingTest_01_OK,PageNo,17,50,682.3,0.463,682,682.0,683,0.0,0.0
WeldingTest_01_OK,PageNo,18,50,682.22,0.418,682,682.0,683,0.0,0.0
WeldingTest_01_OK,PageNo,19,50,1691.52,1.359,1690,1692.0,1693,0.0,0.0
WeldingTest_01_OK,PageNo,20,50,1674.3,1.129,1673,1674.0,1677,0.0,0.0
WeldingTest_01_OK,PageNo,21,50,1697.86,0.833,1697,1698.0,1699,0.0,0.0
WeldingTest_01_OK,PageNo,22,50,1677.82,0.873,1675,1678.0,1679,0.0,0.0
WeldingTest_01_OK,PageNo,23,50,1700.08,1.243,1698,1700.0,1702,0.0,0.0
WeldingTest_01_OK,PageNo,24,50,1679.42,1.126,1678,1679.0,1682,0.0,0.0
WeldingTest_01_OK,PageNo,25,50,1698.06,0.767,1697,1698.0,1699,0.0,0.0
WeldingTest_01_OK,PageNo,26,50,1678.96,0.856,1677,1679.0,1680,0.0,0.0
WeldingTest_01_OK,PageNo,27,50,1701.78,1.148,1700,1702.0,1703,0.0,0.0
WeldingTest_01_OK,PageNo,28,50,1680.8,1.355,1679,1680.0,1683,0.0,0.0
WeldingTest_01_OK,PageNo,29,50,1703.06,0.74,1702,1703.0,1704,0.0,0.0
WeldingTest_01_OK,PageNo,30,50,1682.24,1.238,1680,1682.0,1684,0.0,0.0
WeldingTest_01_OK,PageNo,31,50,682.88,0.328,682,683.0,683,0.0,0.0
WeldingTest_01_OK,PageNo,32,50,682.48,0.505,682,682.0,683,0.0,0.0
WeldingTest_01_OK,PageNo,33,50,682.82,0.388,682,683.0,683,0.0,0.0
WeldingTest_01_OK,PageNo,34,50,682.6,0.495,682,683.0,683,0.0,0.0
WeldingTest_01_OK,PageNo,35,50,682.76,0.431,682,683.0,683,0.0,0.0
WeldingTest_01_OK,PageNo,36,50,682.52,0.505,682,683.0,683,0.0,0.0
WeldingTest_01_OK,PageNo,37,50,682.32,0.471,682,682.0,683,0.0,0.0
WeldingTest_01_OK,PageNo,38,50,682.74,0.443,682,683.0,683,0.0,0.0
WeldingTest_01_OK,PageNo,39,50,682.24,0.431,682,682.0,683,0.0,0.0
WeldingTest_02_OK,SetPower,38,720,681.754,0.66,680,682.0,683,0.0,0.0
WeldingTest_02_OK,SetPower,82,576,1674.226,4.808,1658,1675.0,1682,0.0,0.0
WeldingTest_02_OK,SetPower,83,576,1696.134,3.985,1685,1697.0,1702,1.0,0.0
WeldingTest_02_OK,Recipe,S250_L241.1_P82,288,1671.51,4.984,1658,1673.0,1679,0.0,0.0
WeldingTest_02_OK,Recipe,S250_L241.1_P83,288,1696.84,3.621,1688,1697.0,1702,1.0,0.0
WeldingTest_02_OK,Recipe,S250_L241.2_P82,288,1676.941,2.585,1670,1678.0,1682,0.0,0.0
WeldingTest_02_OK,Recipe,S250_L241.2_P83,288,1695.427,4.207,1685,1697.0,1702,0.0,0.0
WeldingTest_02_OK,Recipe,S30_L19.4_P38,720,681.754,0.66,680,682.0,683,0.0,0.0
WeldingTest_02_OK,PageNo,1,48,1663.229,2.668,1658,1665.0,1666,0.0,0.0
WeldingTest_02_OK,PageNo,2,48,1688.917,3.215,1685,1690.0,1692,0.0,0.0
WeldingTest_02_OK,PageNo,3,48,1669.854,2.76,1666,1671.0,1673,0.0,0.0
WeldingTest_02_OK,PageNo,4,48,1693.417,2.82,1689,1695.0,1697,0.0,0.0
WeldingTest_02_OK,PageNo,5,48,1672.688,2.261,1669,1674.0,1675,0.0,0.0
WeldingTest_02_OK,PageNo,6,48,1696.208,2.163,1693,1698.0,1699,0.0,0.0
WeldingTest_02_OK,PageNo,7,48,1671.021,2.159,1667,1671.0,1674,0.0,0.0
WeldingTest_02_OK,PageNo,8,48,1696.062,2.046,1693,1697.0,1698,0.0,0.0
WeldingTest_02_OK,PageNo,9,48,1675.354,2.078,1671,1677.0,1678,0.0,0.0
WeldingTest_02_OK,PageNo,10,48,1698.25,1.591,1695,1699.0,1700,0.0,0.0
WeldingTest_02_OK,PageNo,11,48,1676.917,1.843,1674,1678.0,1679,0.0,0.0
WeldingTest_02_OK,PageNo,12,48,1699.708,1.762,1697,1700.0,1702,0.0,0.0
WeldingTest_02_OK,PageNo,13,48,681.875,0.489,680,682.0,682,0.0,0.0
WeldingTest_02_OK,PageNo,14,48,681.25,0.978,680,682.0,682,0.0,0.0
WeldingTest_02_OK,PageNo,15,48,681.542,0.849,680,682.0,682,0.0,0.0
WeldingTest_02_OK,PageNo,16,48,681.292,0.967,680,682.0,682,0.0,0.0
WeldingTest_02_OK,PageNo,17,48,681.292,0.967,680,682.0,682,0.0,0.0
WeldingTest_02_OK,PageNo,18,48,681.292,0.967,680,682.0,682,0.0,0.0
WeldingTest_02_OK,PageNo,19,48,1690.146,1.444,1688,1690.0,1692,1.0,0.0
WeldingTest_02_OK,PageNo,20,48,1672.562,1.382,1670,1673.0,1674,0.0,0.0
WeldingTest_02_OK,PageNo,21,48,1696.062,1.21,1694,1697.0,1698,0.0,0.0
WeldingTest_02_OK,PageNo,22,48,1675.521,1.321,1674,1675.0,1677,0.0,0.0
WeldingTest_02_OK,PageNo,23,48,1698.271,0.869,1697,1699.0,1699,0.0,0.0
WeldingTest_02_OK,PageNo,24,48,1677.792,0.849,1675,1678.0,1679,0.0,0.0
WeldingTest_02_OK,PageNo,25,48,1696.229,1.134,1694,1697.0,1698,0.0,0.0
WeldingTest_02_OK,PageNo,26,48,1677.25,0.978,1675,1677.5,1678,0.0,0.0
WeldingTest_02_OK,PageNo,27,48,1699.396,0.676,1698,1699.5,1700,0.0,0.0
WeldingTest_02_OK,PageNo,28,48,1678.708,0.651,1677,1679.0,1680,0.0,0.0
WeldingTest_02_OK,PageNo,29,48,1700.938,1.156,1699,1702.0,1702,0.0,0.0
WeldingTest_02_OK,PageNo,30,48,1679.812,0.982,1678,1680.0,1682,0.0,0.0
WeldingTest_02_OK,PageNo,31,48,682.021,0.144,682,682.0,683,0.0,0.0
WeldingTest_02_OK,PageNo,32,48,681.958,0.289,680,682.0,682,0.0,0.0
WeldingTest_02_OK,PageNo,33,48,682.0,0.0,682,682.0,682,0.0,0.0
WeldingTest_02_OK,PageNo,34,48,682.0,0.0,682,682.0,682,0.0,0.0
WeldingTest_02_OK,PageNo,35,48,682.0,0.0,682,682.0,682,0.0,0.0
WeldingTest_02_OK,PageNo,36,48,681.958,0.289,680,682.0,682,0.0,0.0
WeldingTest_02_OK,PageNo,37,48,681.958,0.289,680,682.0,682,0.0,0.0
WeldingTest_02_OK,PageNo,38,48,682.0,0.0,682,682.0,682,0.0,0.0
WeldingTest_02_OK,PageNo,39,48,681.875,0.489,680,682.0,682,0.0,0.0
WeldingTest_03_NG,SetPower,35,21,635.81,15.22,630,632.0,682,19.0,19.0
WeldingTest_03_NG,SetPower,38,384,681.49,0.873,680,682.0,682,1.0,0.0
WeldingTest_03_NG,SetPower,82,324,1673.114,4.917,1658,1674.0,1680,0.0,0.0
WeldingTest_03_NG,SetPower,83,324,1695.068,4.1,1684,1696.0,1702,0.0,0.0
WeldingTest_03_NG,Recipe,S250_L241.1_P82,162,1670.302,5.027,1658,1671.0,1678,0.0,0.0
WeldingTest_03_NG,Recipe,S250_L241.1_P83,162,1695.932,3.753,1687,1697.0,1702,0.0,0.0
WeldingTest_03_NG,Recipe,S250_L241.2_P82,162,1675.926,2.706,1669,1677.0,1680,0.0,0.0
WeldingTest_03_NG,Recipe,S250_L241.2_P83,162,1694.204,4.257,1684,1695.0,1702,0.0,0.0
WeldingTest_03_NG,Recipe,S30_L19.4_P35,21,635.81,15.22,630,632.0,682,19.0,19.0
WeldingTest_03_NG,Recipe,S30_L19.4_P38,384,681.49,0.873,680,682.0,682,1.0,0.0
WeldingTest_03_NG,PageNo,1,27,1661.741,2.505,1658,1661.0,1665,0.0,0.0
WeldingTest_03_NG,PageNo,2,27,1687.444,2.9,1684,1687.0,1692,0.0,0.0
WeldingTest_03_NG,PageNo,3,27,1668.444,2.407,1665,1667.0,1673,0.0,0.0
WeldingTest_03_NG,PageNo,4,27,1692.111,2.455,1689,1692.0,1695,0.0,0.0
WeldingTest_03_NG,PageNo,5,27,1671.63,2.169,1669,1671.0,1675,0.0,0.0
WeldingTest_03_NG,PageNo,6,27,1695.111,2.242,1692,1694.0,1698,0.0,0.0
WeldingTest_03_NG,PageNo,7,27,1670.148,2.143,1667,1669.0,1673,0.0,0.0
WeldingTest_03_NG,PageNo,8,27,1694.926,2.074,1692,1694.0,1698,0.0,0.0
WeldingTest_03_NG,PageNo,9,27,1674.037,2.009,1671,1673.0,1677,0.0,0.0
WeldingTest_03_NG,PageNo,10,27,1697.037,1.931,1694,1697.0,1700,0.0,0.0
WeldingTest_03_NG,PageNo,11,27,1675.815,1.861,1673,1675.0,1678,0.0,0.0
WeldingTest_03_NG,PageNo,12,27,1698.593,1.738,1695,1698.0,1702,0.0,0.0
WeldingTest_03_NG,PageNo,13,27,681.63,0.792,680,682.0,682,0.0,0.0
WeldingTest_03_NG,PageNo,14,27,645.778,23.229,630,632.0,682,19.0,19.0
WeldingTest_03_NG,PageNo,15,27,681.185,1.001,680,682.0,682,0.0,0.0
WeldingTest_03_NG,PageNo,16,27,681.037,1.018,680,682.0,682,1.0,0.0
WeldingTest_03_NG,PageNo,17,27,680.815,1.001,680,680.0,682,0.0,0.0
WeldingTest_03_NG,PageNo,18,27,680.741,0.984,680,680.0,682,0.0,0.0
WeldingTest_03_NG,PageNo,19,27,1689.037,1.16,1687,1689.0,1692,0.0,0.0
WeldingTest_03_NG,PageNo,20,27,1671.481,1.397,1669,1671.0,1674,0.0,0.0
WeldingTest_03_NG,PageNo,21,27,1695.037,1.581,1693,1694.0,1697,0.0,0.0
WeldingTest_03_NG,PageNo,22,27,1674.593,1.217,1673,1674.0,1677,0.0,0.0
WeldingTest_03_NG,PageNo,23,27,1697.333,1.144,1695,1697.0,1699,0.0,0.0
WeldingTest_03_NG,PageNo,24,27,1676.778,1.368,1674,1677.0,1679,0.0,0.0
WeldingTest_03_NG,PageNo,25,27,1695.481,1.282,1693,1695.0,1697,0.0,0.0
WeldingTest_03_NG,PageNo,26,27,1675.852,1.35,1674,1675.0,1678,0.0,0.0
WeldingTest_03_NG,PageNo,27,27,1698.667,1.0,1697,1699.0,1700,0.0,0.0
WeldingTest_03_NG,PageNo,28,27,1678.0,0.961,1675,1678.0,1679,0.0,0.0
WeldingTest_03_NG,PageNo,29,27,1700.037,1.315,1698,1700.0,1702,0.0,0.0
WeldingTest_03_NG,PageNo,30,27,1678.852,0.907,1677,1679.0,1680,0.0,0.0
WeldingTest_03_NG,PageNo,31,27,682.0,0.0,682,682.0,682,0.0,0.0
WeldingTest_03_NG,PageNo,32,27,681.704,0.724,680,682.0,682,0.0,0.0
WeldingTest_03_NG,PageNo,33,27,681.852,0.534,680,682.0,682,0.0,0.0
WeldingTest_03_NG,PageNo,34,27,681.704,0.724,680,682.0,682,0.0,0.0
WeldingTest_03_NG,PageNo,35,27,681.778,0.641,680,682.0,682,0.0,0.0
WeldingTest_03_NG,PageNo,36,27,681.704,0.724,680,682.0,682,0.0,0.0
WeldingTest_03_NG,PageNo,37,27,681.556,0.847,680,682.0,682,0.0,0.0
WeldingTest_03_NG,PageNo,38,27,681.852,0.534,680,682.0,682,0.0,0.0
WeldingTest_03_NG,PageNo,39,27,681.481,0.893,680,682.0,682,0.0,0.0
WeldingTest_04_NG,SetPower,35,9,245.778,257.965,0,127.0,692,7.0,7.0
WeldingTest_04_NG,SetPower,38,126,250.413,275.748,0,127.0,1717,99.0,98.0
WeldingTest_04_NG,SetPower,82,108,1171.389,478.14,0,1206.0,1724,89.0,84.0
WeldingTest_04_NG,SetPower,83,108,1179.583,481.79,0,1227.0,1727,89.0,84.0
WeldingTest_04_NG,Recipe,S250_L241.1_P82,54,1160.463,491.56,0,1202.0,1724,47.0,42.0
WeldingTest_04_NG,Recipe,S250_L241.1_P83,54,1201.185,474.799,0,1229.0,1727,42.0,42.0
WeldingTest_04_NG,Recipe,S250_L241.2_P82,54,1182.315,468.695,0,1207.0,1704,42.0,42.0
WeldingTest_04_NG,Recipe,S250_L241.2_P83,54,1157.981,492.176,0,1226.5,1724,47.0,42.0
WeldingTest_04_NG,Recipe,S30_L19.4_P35,9,245.778,257.965,0,127.0,692,7.0,7.0
WeldingTest_04_NG,Recipe,S30_L19.4_P38,126,250.413,275.748,0,127.0,1717,99.0,98.0
WeldingTest_04_NG,PageNo,1,9,1054.222,602.375,0,1192.0,1713,7.0,7.0
WeldingTest_04_NG,PageNo,2,9,1069.778,607.332,0,1218.0,1713,8.0,7.0
WeldingTest_04_NG,PageNo,3,9,1179.0,493.633,0,1199.0,1718,8.0,7.0
WeldingTest_04_NG,PageNo,4,9,1195.222,494.904,0,1223.0,1718,8.0,7.0
WeldingTest_04_NG,PageNo,5,9,1181.444,494.517,0,1202.0,1721,8.0,7.0
WeldingTest_04_NG,PageNo,6,9,1197.111,495.045,0,1226.0,1721,8.0,7.0
WeldingTest_04_NG,PageNo,7,9,1180.222,494.085,0,1201.0,1721,8.0,7.0
WeldingTest_04_NG,PageNo,8,9,1197.556,495.549,0,1226.0,1721,8.0,7.0
WeldingTest_04_NG,PageNo,9,9,1183.111,494.985,0,1204.0,1723,8.0,7.0
WeldingTest_04_NG,PageNo,10,9,1199.444,496.042,0,1228.0,1723,7.0,7.0
WeldingTest_04_NG,PageNo,11,9,1184.778,495.321,0,1207.0,1724,8.0,7.0
WeldingTest_04_NG,PageNo,12,9,1088.778,482.935,0,1230.0,1724,8.0,7.0
WeldingTest_04_NG,PageNo,13,9,246.333,257.984,0,127.0,693,7.0,7.0
WeldingTest_04_NG,PageNo,14,9,245.778,257.965,0,127.0,692,7.0,7.0
WeldingTest_04_NG,PageNo,15,9,246.222,257.768,0,127.0,692,7.0,7.0
WeldingTest_04_NG,PageNo,16,9,245.889,257.908,0,127.0,692,7.0,7.0
WeldingTest_04_NG,PageNo,17,9,245.778,257.965,0,127.0,692,7.0,7.0
WeldingTest_04_NG,PageNo,18,9,359.667,545.552,0,127.0,1717,8.0,7.0
WeldingTest_04_NG,PageNo,19,9,1195.333,496.86,0,1221.0,1716,7.0,7.0
WeldingTest_04_NG,PageNo,20,9,1178.889,491.43,0,1202.0,1698,7.0,7.0
WeldingTest_04_NG,PageNo,21,9,1200.222,498.639,0,1226.0,1722,7.0,7.0
WeldingTest_04_NG,PageNo,22,9,1181.333,492.067,0,1206.0,1700,7.0,7.0
WeldingTest_04_NG,PageNo,23,9,1202.444,499.268,0,1230.0,1724,7.0,7.0
WeldingTest_04_NG,PageNo,24,9,1182.889,492.654,0,1207.0,1702,7.0,7.0
WeldingTest_04_NG,PageNo,25,9,1200.667,498.665,0,1227.0,1722,7.0,7.0
WeldingTest_04_NG,PageNo,26,9,1182.444,492.63,0,1206.0,1702,7.0,7.0
WeldingTest_04_NG,PageNo,27,9,1203.778,499.843,0,1230.0,1726,7.0,7.0
WeldingTest_04_NG,PageNo,28,9,1183.778,492.955,0,1208.0,1703,7.0,7.0
WeldingTest_04_NG,PageNo,29,9,1204.667,500.144,0,1231.0,1727,7.0,7.0
WeldingTest_04_NG,PageNo,30,9,1184.556,493.249,0,1209.0,1704,7.0,7.0
WeldingTest_04_NG,PageNo,31,9,246.444,258.2,0,127.0,693,7.0,7.0
WeldingTest_04_NG,PageNo,32,9,245.778,257.965,0,127.0,692,7.0,7.0
WeldingTest_04_NG,PageNo,33,9,238.444,261.023,0,127.0,693,7.0,7.0
WeldingTest_04_NG,PageNo,34,9,238.333,261.077,0,127.0,693,7.0,7.0
WeldingTest_04_NG,PageNo,35,9,238.667,260.916,0,127.0,693,7.0,7.0
WeldingTest_04_NG,PageNo,36,9,238.667,260.916,0,127.0,693,7.0,7.0
WeldingTest_04_NG,PageNo,37,9,238.556,260.698,0,127.0,693,7.0,7.0
WeldingTest_04_NG,PageNo,38,9,238.444,261.023,0,127.0,693,7.0,7.0
WeldingTest_04_NG,PageNo,39,9,238.556,260.698,0,127.0,693,7.0,7.0
