file,cycle_id,start_time,end_time,points,anomaly_points,max_anomaly_score,zero_power_points,true_anomaly_points,anomaly_page_nos,judgement
WeldingTest_01_OK,1,2022-02-10 09:02:48.515,2022-02-10 09:05:00.222,39,0,2.759,0,0,,정상
WeldingTest_01_OK,2,2022-02-10 09:05:48.104,2022-02-10 09:07:59.914,39,0,2.759,0,0,,정상
WeldingTest_01_OK,3,2022-02-10 09:08:47.068,2022-02-10 09:10:58.767,39,0,2.745,0,0,,정상
WeldingTest_01_OK,4,2022-02-10 09:11:45.787,2022-02-10 09:13:57.229,39,0,2.759,0,0,,정상
WeldingTest_01_OK,5,2022-02-10 09:15:10.999,2022-02-10 09:17:22.440,39,0,2.785,0,0,,정상
WeldingTest_01_OK,6,2022-02-10 09:18:09.652,2022-02-10 09:20:21.508,39,0,2.759,0,0,,정상
WeldingTest_01_OK,7,2022-02-10 09:27:26.935,2022-02-10 09:29:38.439,39,0,2.759,0,0,,정상
WeldingTest_01_OK,8,2022-02-10 09:30:26.855,2022-02-10 09:32:39.026,39,0,2.759,0,0,,정상
WeldingTest_01_OK,9,2022-02-10 09:38:38.479,2022-02-10 09:40:49.899,39,0,2.759,0,0,,정상
WeldingTest_01_OK,10,2022-02-10 09:49:02.870,2022-02-10 09:51:15.324,39,0,2.759,0,0,,정상
WeldingTest_01_OK,11,2022-02-10 09:52:02.078,2022-02-10 09:54:13.685,39,0,2.759,0,0,,정상
WeldingTest_01_OK,12,2022-02-10 09:55:01.533,2022-02-10 09:57:13.785,39,0,2.759,0,0,,정상
WeldingTest_01_OK,13,2022-02-10 09:58:01.575,2022-02-10 10:00:15.006,39,0,2.759,0,0,,정상
WeldingTest_01_OK,14,2022-02-10 10:01:36.878,2022-02-10 10:03:49.100,39,0,2.759,0,0,,정상
WeldingTest_01_OK,15,2022-02-10 10:05:24.956,2022-02-10 10:07:36.353,39,0,2.759,0,0,,정상
WeldingTest_01_OK,16,2022-02-10 10:20:33.559,2022-02-10 10:22:44.883,39,0,2.759,0,0,,정상
WeldingTest_01_OK,17,2022-02-10 10:27:34.537,2022-02-10 10:29:45.890,39,0,2.759,0,0,,정상
WeldingTest_01_OK,18,2022-02-10 10:53:02.509,2022-02-10 10:55:14.165,39,0,2.759,0,0,,정상
WeldingTest_01_OK,19,2022-02-10 10:58:45.914,2022-02-10 11:00:57.968,39,0,2.759,0,0,,정상
WeldingTest_01_OK,20,2022-02-10 11:03:38.709,2022-02-10 11:05:50.353,39,0,2.759,0,0,,정상
WeldingTest_01_OK,21,2022-02-10 11:13:15.426,2022-02-10 11:15:26.634,39,0,2.759,0,0,,정상
WeldingTest_01_OK,22,2022-02-10 11:27:30.504,2022-02-10 11:29:42.564,39,0,2.759,0,0,,정상
WeldingTest_01_OK,23,2022-02-10 11:30:29.732,2022-02-10 11:32:41.345,39,0,2.759,0,0,,정상
WeldingTest_01_OK,24,2022-02-10 11:33:27.621,2022-02-10 11:35:39.347,39,0,2.745,0,0,,정상
WeldingTest_01_OK,25,2022-02-10 11:37:50.577,2022-02-10 11:40:02.036,39,0,2.759,0,0,,정상
WeldingTest_01_OK,26,2022-02-10 11:40:48.526,2022-02-10 11:43:00.826,39,0,2.759,0,0,,정상
WeldingTest_01_OK,27,2022-02-10 11:46:47.785,2022-02-10 11:48:59.345,39,0,2.745,0,0,,정상
WeldingTest_01_OK,28,2022-02-10 11:52:49.018,2022-02-10 11:55:00.332,39,0,2.749,0,0,,정상
WeldingTest_01_OK,29,2022-02-10 11:56:48.474,2022-02-10 11:59:00.444,39,0,2.759,0,0,,정상
WeldingTest_01_OK,30,2022-02-10 13:15:17.853,2022-02-10 13:17:29.600,39,0,2.745,0,0,,정상
WeldingTest_01_OK,31,2022-02-10 13:24:36.647,2022-02-10 13:26:47.803,39,0,2.745,0,0,,정상
WeldingTest_01_OK,32,2022-02-10 13:27:33.743,2022-02-10 13:29:45.763,39,0,2.759,0,0,,정상
WeldingTest_01_OK,33,2022-02-10 13:37:32.246,2022-02-10 13:39:43.589,39,0,2.745,0,0,,정상
WeldingTest_01_OK,34,2022-02-10 13:40:53.247,2022-02-10 13:43:05.407,39,0,2.759,0,0,,정상
WeldingTest_01_OK,35,2022-02-10 13:47:45.042,2022-02-10 13:49:57.424,39,0,2.745,0,0,,정상
WeldingTest_01_OK,36,2022-02-10 13:58:12.761,2022-02-10 14:00:24.488,39,0,2.759,0,0,,정상
WeldingTest_01_OK,37,2022-02-10 14:01:48.456,2022-02-10 14:03:59.460,39,0,2.745,0,0,,정상
WeldingTest_01_OK,38,2022-02-10 14:04:47.430,2022-02-10 14:06:59.015,39,0,2.745,0,0,,정상
WeldingTest_01_OK,39,2022-02-10 14:13:16.565,2022-02-10 14:15:27.862,39,0,2.745,0,0,,정상
WeldingTest_01_OK,40,2022-02-10 14:17:13.648,2022-02-10 14:19:25.770,39,0,2.759,0,0,,정상
WeldingTest_01_OK,41,2022-02-10 14:46:14.438,2022-02-10 14:48:25.864,39,0,3.058,0,0,,정상
WeldingTest_01_OK,42,2022-02-10 14:49:12.643,2022-02-10 14:51:24.045,39,0,2.759,0,0,,정상
WeldingTest_01_OK,43,2022-02-10 15:24:00.641,2022-02-10 15:26:12.044,39,0,3.058,0,0,,정상
WeldingTest_01_OK,44,2022-02-10 15:29:02.536,2022-02-10 15:31:14.048,39,0,2.759,0,0,,정상
WeldingTest_01_OK,45,2022-02-10 15:59:45.967,2022-02-10 16:01:57.633,39,0,3.058,0,0,,정상
WeldingTest_01_OK,46,2022-02-10 16:02:43.913,2022-02-10 16:04:55.537,39,0,2.759,0,0,,정상
WeldingTest_01_OK,47,2022-02-10 16:31:03.907,2022-02-10 16:33:15.439,39,0,3.048,0,0,,정상
WeldingTest_01_OK,48,2022-02-10 16:47:04.199,2022-02-10 16:49:15.390,39,0,3.044,0,0,,정상
WeldingTest_01_OK,49,2022-02-10 17:08:39.246,2022-02-10 17:10:50.617,39,0,3.058,0,0,,정상
WeldingTest_01_OK,50,2022-02-10 17:11:37.677,2022-02-10 17:13:50.029,39,0,2.745,0,0,,정상
WeldingTest_02_OK,1,2022-02-11 09:12:28.065,2022-02-11 09:14:39.787,39,0,3.058,0,0,,정상
WeldingTest_02_OK,2,2022-02-11 09:15:26.139,2022-02-11 09:17:37.415,39,0,3.044,0,0,,정상
WeldingTest_02_OK,3,2022-02-11 09:18:24.326,2022-02-11 09:20:34.988,39,0,2.745,0,0,,정상
WeldingTest_02_OK,4,2022-02-11 09:37:11.418,2022-02-11 09:39:22.865,39,0,3.058,0,0,,정상
WeldingTest_02_OK,5,2022-02-11 09:41:50.579,2022-02-11 09:44:01.553,39,0,3.044,0,0,,정상
WeldingTest_02_OK,6,2022-02-11 09:44:48.333,2022-02-11 09:46:59.860,39,0,3.058,0,0,,정상
WeldingTest_02_OK,7,2022-02-11 09:47:59.886,2022-02-11 09:50:11.250,39,0,3.09,0,0,,정상
WeldingTest_02_OK,8,2022-02-11 09:50:58.032,2022-02-11 09:53:09.997,39,0,3.044,0,0,,정상
WeldingTest_02_OK,9,2022-02-11 09:57:42.233,2022-02-11 09:59:53.575,39,0,3.044,0,0,,정상
WeldingTest_02_OK,10,2022-02-11 10:00:40.528,2022-02-11 10:02:51.284,39,0,3.048,0,0,,정상
WeldingTest_02_OK,11,2022-02-11 10:22:00.523,2022-02-11 10:24:12.181,39,0,3.058,0,0,,정상
WeldingTest_02_OK,12,2022-02-11 10:28:46.686,2022-02-11 10:30:57.870,39,0,3.044,0,0,,정상
WeldingTest_02_OK,13,2022-02-11 10:36:39.501,2022-02-11 10:38:50.243,39,0,3.044,0,0,,정상
WeldingTest_02_OK,14,2022-02-11 10:49:17.318,2022-02-11 10:51:28.241,39,0,3.058,0,0,,정상
WeldingTest_02_OK,15,2022-02-11 10:53:15.699,2022-02-11 10:55:27.349,39,0,3.058,0,0,,정상
WeldingTest_02_OK,16,2022-02-11 11:01:37.776,2022-02-11 11:03:49.353,39,0,3.048,0,0,,정상
WeldingTest_02_OK,17,2022-02-11 11:04:35.307,2022-02-11 11:06:46.341,39,1,8.63,0,0,19,재검사 권고
WeldingTest_02_OK,18,2022-02-11 11:07:56.871,2022-02-11 11:10:08.045,39,0,3.058,0,0,,정상
WeldingTest_02_OK,19,2022-02-11 11:16:27.374,2022-02-11 11:18:38.737,39,0,3.044,0,0,,정상
WeldingTest_02_OK,20,2022-02-11 11:19:26.479,2022-02-11 11:21:38.333,39,0,3.058,0,0,,정상
WeldingTest_02_OK,21,2022-02-11 11:22:24.969,2022-02-11 11:24:36.525,39,0,3.058,0,0,,정상
WeldingTest_02_OK,22,2022-02-11 11:46:42.175,2022-02-11 11:48:53.927,39,0,3.044,0,0,,정상
WeldingTest_02_OK,23,2022-02-11 11:49:40.591,2022-02-11 11:51:51.957,39,0,3.044,0,0,,정상
WeldingTest_02_OK,24,2022-02-11 11:52:39.465,2022-02-11 11:54:52.332,39,0,3.058,0,0,,정상
WeldingTest_02_OK,25,2022-02-11 11:55:38.638,2022-02-11 11:57:50.300,39,0,3.058,0,0,,정상
WeldingTest_02_OK,26,2022-02-11 13:04:40.464,2022-02-11 13:06:52.586,39,0,3.058,0,0,,정상
WeldingTest_02_OK,27,2022-02-11 13:07:40.540,2022-02-11 13:09:52.376,39,0,3.058,0,0,,정상
WeldingTest_02_OK,28,2022-02-11 13:10:39.826,2022-02-11 13:12:51.303,39,0,3.058,0,0,,정상
WeldingTest_02_OK,29,2022-02-11 13:18:18.752,2022-02-11 13:20:30.580,39,0,3.058,0,0,,정상
WeldingTest_02_OK,30,2022-02-11 13:21:17.522,2022-02-11 13:23:30.022,39,0,3.058,0,0,,정상
WeldingTest_02_OK,31,2022-02-11 13:36:27.398,2022-02-11 13:38:38.492,39,0,3.044,0,0,,정상
WeldingTest_02_OK,32,2022-02-11 13:39:25.529,2022-02-11 13:41:37.651,39,0,3.058,0,0,,정상
WeldingTest_02_OK,33,2022-02-11 14:19:15.716,2022-02-11 14:21:27.504,39,0,3.058,0,0,,정상
WeldingTest_02_OK,34,2022-02-11 14:22:15.301,2022-02-11 14:24:27.025,39,0,3.044,0,0,,정상
WeldingTest_02_OK,35,2022-02-11 14:25:14.595,2022-02-11 14:27:26.671,39,0,3.058,0,0,,정상
WeldingTest_02_OK,36,2022-02-11 14:28:14.403,2022-02-11 14:30:26.660,39,0,3.044,0,0,,정상
WeldingTest_02_OK,37,2022-02-11 14:31:13.104,2022-02-11 14:33:25.068,39,0,3.058,0,0,,정상
WeldingTest_02_OK,38,2022-02-11 14:34:12.036,2022-02-11 14:36:24.157,39,0,3.058,0,0,,정상
WeldingTest_02_OK,39,2022-02-11 14:43:21.104,2022-02-11 14:45:32.856,39,0,3.084,0,0,,정상
WeldingTest_02_OK,40,2022-02-11 14:46:19.896,2022-02-11 14:48:32.550,39,0,3.058,0,0,,정상
WeldingTest_02_OK,41,2022-02-11 14:49:19.354,2022-02-11 14:51:31.919,39,0,3.084,0,0,,정상
WeldingTest_02_OK,42,2022-02-11 16:11:06.260,2022-02-11 16:13:17.522,39,0,3.044,0,0,,정상
WeldingTest_02_OK,43,2022-02-11 16:14:05.062,2022-02-11 16:16:17.109,39,0,3.058,0,0,,정상
WeldingTest_02_OK,44,2022-02-11 16:41:50.742,2022-02-11 16:44:02.191,39,0,3.058,0,0,,정상
WeldingTest_02_OK,45,2022-02-11 16:44:48.313,2022-02-11 16:47:00.689,39,0,3.044,0,0,,정상
WeldingTest_02_OK,46,2022-02-11 16:47:47.661,2022-02-11 16:50:00.264,39,0,3.058,0,0,,정상
WeldingTest_02_OK,47,2022-02-11 16:55:38.252,2022-02-11 16:57:50.151,39,0,3.044,0,0,,정상
WeldingTest_02_OK,48,2022-02-11 16:58:36.609,2022-02-11 17:00:48.295,39,0,3.044,0,0,,정상
WeldingTest_03_NG,1,2022-08-03 09:10:24.996,2022-08-03 09:12:35.935,39,1,13.764,0,1,14,재검사 권고
WeldingTest_03_NG,2,2022-08-03 09:13:23.573,2022-08-03 09:15:34.947,39,1,13.251,0,1,14,재검사 권고
WeldingTest_03_NG,3,2022-08-03 09:20:12.830,2022-08-03 09:22:25.176,39,1,13.787,0,1,14,재검사 권고
WeldingTest_03_NG,4,2022-08-03 09:32:13.603,2022-08-03 09:34:25.260,39,1,13.102,0,1,14,재검사 권고
WeldingTest_03_NG,5,2022-08-03 09:35:12.514,2022-08-03 09:37:23.832,39,1,12.318,0,1,14,재검사 권고
WeldingTest_03_NG,6,2022-08-03 09:38:41.402,2022-08-03 09:40:53.137,39,1,13.241,0,1,14,재검사 권고
WeldingTest_03_NG,7,2022-08-03 09:41:46.815,2022-08-03 09:43:58.245,39,1,13.269,0,1,14,재검사 권고
WeldingTest_03_NG,8,2022-08-03 09:44:44.527,2022-08-03 09:46:56.452,39,2,12.318,0,1,"14,16",재검사 권고
WeldingTest_03_NG,9,2022-08-03 09:56:37.689,2022-08-03 09:58:49.037,39,1,13.834,0,1,14,재검사 권고
WeldingTest_03_NG,10,2022-08-03 09:59:35.085,2022-08-03 10:01:46.430,39,0,3.044,0,0,,정상
WeldingTest_03_NG,11,2022-08-03 10:02:33.212,2022-08-03 10:04:45.566,39,0,3.048,0,0,,정상
WeldingTest_03_NG,12,2022-08-03 10:10:47.157,2022-08-03 10:12:59.843,39,1,13.228,0,1,14,재검사 권고
WeldingTest_03_NG,13,2022-08-03 10:24:18.393,2022-08-03 10:26:30.657,39,1,13.867,0,1,14,재검사 권고
WeldingTest_03_NG,14,2022-08-03 10:52:28.469,2022-08-03 10:54:40.011,39,1,13.808,0,1,14,재검사 권고
WeldingTest_03_NG,15,2022-08-03 10:56:50.183,2022-08-03 10:59:02.694,39,1,13.834,0,1,14,재검사 권고
WeldingTest_03_NG,16,2022-08-03 10:59:49.232,2022-08-03 11:02:01.110,39,1,13.284,0,1,14,재검사 권고
WeldingTest_03_NG,17,2022-08-03 11:02:58.376,2022-08-03 11:05:09.935,39,1,13.228,0,1,14,재검사 권고
WeldingTest_03_NG,18,2022-08-03 11:08:50.777,2022-08-03 11:11:02.333,39,1,13.808,0,1,14,재검사 권고
WeldingTest_03_NG,19,2022-08-03 11:11:49.750,2022-08-03 11:14:02.278,39,1,13.228,0,1,14,재검사 권고
WeldingTest_03_NG,20,2022-08-03 11:17:29.662,2022-08-03 11:19:42.007,39,1,13.764,0,1,14,재검사 권고
WeldingTest_03_NG,21,2022-08-03 11:34:20.853,2022-08-03 11:36:32.005,39,1,13.542,0,1,14,재검사 권고
WeldingTest_03_NG,22,2022-08-03 14:42:18.663,2022-08-03 14:44:29.904,39,0,3.058,0,0,,정상
WeldingTest_03_NG,23,2022-08-03 14:45:30.556,2022-08-03 14:47:43.534,39,0,3.058,0,0,,정상
WeldingTest_03_NG,24,2022-08-03 14:49:29.254,2022-08-03 14:51:41.711,39,0,3.044,0,0,,정상
WeldingTest_03_NG,25,2022-08-03 15:01:26.276,2022-08-03 15:03:37.986,39,0,3.058,0,0,,정상
WeldingTest_03_NG,26,2022-08-03 15:04:25.868,2022-08-03 15:06:38.211,39,0,3.044,0,0,,정상
WeldingTest_03_NG,27,2022-08-03 15:14:59.436,2022-08-03 15:17:11.706,39,0,3.044,0,0,,정상
WeldingTest_04_NG,1,2022-08-03 15:24:10.491,2022-08-03 15:26:23.419,39,11,295.844,0,0,"2,3,4,5,6,7,8,9,11,12,18",불량 의심
WeldingTest_04_NG,2,2022-08-03 16:19:59.207,2022-08-03 16:22:12.571,39,0,0.209,0,0,,정상
WeldingTest_04_NG,3,2022-08-03 16:35:45.705,2022-08-03 16:37:58.045,39,39,198.987,39,39,"1,2,3,4,5,6,7,8,9,10,11,12,13,14,15,16,17,18,19,20,21,22,23,24,25,26,27,28,29,30,31,32,33,34,35,36,37,38,39",불량 의심
WeldingTest_04_NG,4,2022-08-03 17:09:19.664,2022-08-03 17:11:32.288,39,39,169.074,0,39,"1,2,3,4,5,6,7,8,9,10,11,12,13,14,15,16,17,18,19,20,21,22,23,24,25,26,27,28,29,30,31,32,33,34,35,36,37,38,39",불량 의심
WeldingTest_04_NG,5,2022-08-03 17:14:22.542,2022-08-03 17:16:35.485,39,39,169.045,0,39,"1,2,3,4,5,6,7,8,9,10,11,12,13,14,15,16,17,18,19,20,21,22,23,24,25,26,27,28,29,30,31,32,33,34,35,36,37,38,39",불량 의심
WeldingTest_04_NG,6,2022-08-03 17:26:55.044,2022-08-03 17:29:08.820,39,39,168.368,0,39,"1,2,3,4,5,6,7,8,9,10,11,12,13,14,15,16,17,18,19,20,21,22,23,24,25,26,27,28,29,30,31,32,33,34,35,36,37,38,39",불량 의심
WeldingTest_04_NG,7,2022-08-03 17:31:11.341,2022-08-03 17:33:24.391,39,39,182.127,0,39,"1,2,3,4,5,6,7,8,9,10,11,12,13,14,15,16,17,18,19,20,21,22,23,24,25,26,27,28,29,30,31,32,33,34,35,36,37,38,39",불량 의심
WeldingTest_04_NG,8,2022-08-03 17:40:33.022,2022-08-03 17:42:46.582,39,39,169.071,0,39,"1,2,3,4,5,6,7,8,9,10,11,12,13,14,15,16,17,18,19,20,21,22,23,24,25,26,27,28,29,30,31,32,33,34,35,36,37,38,39",불량 의심
WeldingTest_04_NG,9,2022-08-03 17:44:48.443,2022-08-03 17:47:02.353,39,39,169.074,0,39,"1,2,3,4,5,6,7,8,9,10,11,12,13,14,15,16,17,18,19,20,21,22,23,24,25,26,27,28,29,30,31,32,33,34,35,36,37,38,39",불량 의심
