epoch,critic_x_loss,critic_z_loss,generator_loss
1,0.1232464611530304,0.35347843170166016,-0.785685122013092
2,-0.36318355798721313,-9.235494613647461,3.5571236610412598
3,0.054973114281892776,-9.695965766906738,3.516853094100952
4,0.09897933155298233,-8.234848022460938,4.741568088531494
5,0.21576841175556183,-8.624419212341309,8.00619888305664
6,0.726967453956604,-7.869710922241211,-0.06417453289031982
7,0.2398604154586792,-6.969442844390869,2.6446406841278076
8,0.13997909426689148,-6.961442470550537,13.214275360107422
9,0.2470533698797226,-7.56145715713501,4.766014099121094
10,0.22285985946655273,-8.103616714477539,8.458880424499512
11,0.5301458239555359,-7.773138046264648,4.1586809158325195
12,0.09373088926076889,-7.08964204788208,-13.888907432556152
13,-0.3344965875148773,-6.877821445465088,-8.175509452819824
14,0.7015975117683411,-5.944788932800293,2.27003812789917
15,0.5054055452346802,-6.135879039764404,-13.565932273864746
16,0.5432055592536926,-6.805548191070557,0.3367830812931061
17,-0.1360270082950592,-6.801244258880615,-4.395970344543457
18,0.05753482133150101,-7.250570297241211,-12.816675186157227
19,0.1205626130104065,-5.110597133636475,6.179244041442871
20,0.11046705394983292,-4.932221412658691,-0.5951104760169983
21,0.019278299063444138,-6.766438961029053,-5.012655735015869
22,0.03044302389025688,-5.622851371765137,-2.8049421310424805
23,0.3205907344818115,-5.281100273132324,-7.85394287109375
24,0.4095596373081207,-5.917174339294434,3.558086395263672
25,0.38246020674705505,-5.257102012634277,-2.398219347000122
26,0.37429744005203247,-5.245863437652588,11.578721046447754
27,0.41849374771118164,-5.319717884063721,4.209989070892334
28,0.5396314859390259,-5.136139869689941,-4.302304267883301
29,0.38535794615745544,-4.571491718292236,18.344228744506836
30,0.4143484830856323,-3.673038959503174,9.920027732849121
