part_number,date,previous_actual,actual_d,absolute_change,part_change_threshold
Part 0,2021-10-06,0.0,7,7.0,1.0
Part 0,2021-10-07,7.0,5,2.0,1.0
Part 0,2021-10-08,5.0,1,4.0,1.0
Part 0,2021-10-12,1.0,3,2.0,1.0
Part 0,2021-10-13,3.0,1,2.0,1.0
Part 1,2021-10-04,0.0,2,2.0,1.0
Part 1,2021-10-05,2.0,0,2.0,1.0
Part 1,2021-10-06,0.0,5,5.0,1.0
Part 1,2021-10-08,4.0,9,5.0,1.0
Part 1,2021-10-12,9.0,13,4.0,1.0
Part 1,2021-10-13,13.0,3,10.0,1.0
Part 1,2021-10-14,3.0,0,3.0,1.0
Part 102,2021-10-16,12.0,103,91.0,87.0
Part 103,2021-10-25,87.0,387,300.0,190.0
Part 103,2021-10-27,300.0,77,223.0,190.0
Part 104,2021-10-16,242.0,67,175.0,171.0
Part 105,2021-10-04,0.0,52,52.0,17.0
Part 105,2021-10-05,52.0,6,46.0,17.0
Part 105,2021-10-07,22.0,4,18.0,17.0
Part 105,2021-10-22,4.0,34,30.0,17.0
Part 105,2021-10-25,34.0,4,30.0,17.0
Part 106,2021-09-15,234.0,479,245.0,148.0
Part 106,2021-09-27,500.0,340,160.0,148.0
Part 106,2021-09-30,309.0,598,289.0,148.0
Part 106,2021-10-02,519.0,0,519.0,148.0
Part 106,2021-10-04,0.0,531,531.0,148.0
Part 108,2021-09-15,1.0,9,8.0,4.0
Part 108,2021-09-16,9.0,30,21.0,4.0
Part 108,2021-09-17,30.0,8,22.0,4.0
Part 108,2021-10-22,0.0,17,17.0,4.0
Part 108,2021-10-25,17.0,22,5.0,4.0
Part 108,2021-10-26,22.0,7,15.0,4.0
Part 109,2021-09-16,0.0,3,3.0,1.0
Part 109,2021-09-17,3.0,1,2.0,1.0
Part 11,2021-10-02,9.0,0,9.0,4.0
Part 11,2021-10-25,2.0,14,12.0,4.0
Part 11,2021-10-26,14.0,2,12.0,4.0
Part 110,2021-10-25,0.0,8,8.0,6.0
Part 110,2021-10-26,8.0,0,8.0,6.0
Part 111,2021-09-29,0.0,3,3.0,1.0
Part 111,2021-09-30,3.0,0,3.0,1.0
Part 112,2021-10-07,0.0,2,2.0,1.0
Part 112,2021-10-08,2.0,0,2.0,1.0
Part 113,2021-10-14,0.0,7,7.0,1.0
Part 113,2021-10-15,7.0,5,2.0,1.0
Part 113,2021-10-16,5.0,0,5.0,1.0
Part 114,2021-10-27,0.0,6,6.0,1.0
Part 114,2021-10-29,5.0,0,5.0,1.0
Part 116,2021-10-20,0.0,3,3.0,1.0
Part 116,2021-10-22,3.0,1,2.0,1.0
Part 116,2021-10-26,2.0,0,2.0,1.0
Part 12,2021-10-02,50.0,0,50.0,36.0
Part 12,2021-10-04,0.0,57,57.0,36.0
Part 15,2021-10-02,45.0,0,45.0,25.0
Part 15,2021-10-04,0.0,52,52.0,25.0
Part 16,2021-09-27,34.0,85,51.0,37.0
Part 16,2021-10-02,68.0,0,68.0,37.0
Part 16,2021-10-04,0.0,57,57.0,37.0
Part 17,2021-10-02,57.0,0,57.0,49.0
Part 17,2021-10-04,0.0,59,59.0,49.0
Part 18,2021-10-02,160.0,0,160.0,97.0
Part 18,2021-10-04,0.0,146,146.0,97.0
Part 19,2021-11-01,0.0,56,56.0,52.0
Part 2,2021-10-02,529.0,0,529.0,216.0
Part 2,2021-10-04,0.0,392,392.0,216.0
Part 21,2021-09-15,0.0,158,158.0,89.0
Part 21,2021-10-02,154.0,0,154.0,89.0
Part 21,2021-10-04,0.0,188,188.0,89.0
Part 21,2021-10-16,130.0,0,130.0,89.0
Part 21,2021-10-18,0.0,181,181.0,89.0
Part 23,2021-10-12,0.0,18,18.0,1.0
Part 23,2021-10-13,18.0,20,2.0,1.0
Part 23,2021-10-14,20.0,1,19.0,1.0
Part 24,2021-09-17,11.0,176,165.0,149.0
Part 24,2021-10-04,0.0,150,150.0,149.0
Part 25,2021-10-02,41.0,0,41.0,40.0
Part 25,2021-10-04,0.0,41,41.0,40.0
Part 25,2021-10-18,0.0,48,48.0,40.0
Part 26,2021-09-15,0.0,194,194.0,96.0
Part 26,2021-10-02,178.0,0,178.0,96.0
Part 26,2021-10-04,0.0,199,199.0,96.0
Part 26,2021-10-16,149.0,0,149.0,96.0
Part 26,2021-10-18,0.0,216,216.0,96.0
Part 27,2021-09-27,121.0,198,77.0,73.0
Part 27,2021-10-02,200.0,0,200.0,73.0
Part 27,2021-10-04,0.0,228,228.0,73.0
Part 28,2021-09-17,106.0,684,578.0,74.0
Part 28,2021-09-27,684.0,536,148.0,74.0
Part 28,2021-10-02,522.0,0,522.0,74.0
Part 28,2021-10-04,0.0,538,538.0,74.0
Part 29,2021-09-27,324.0,542,218.0,72.0
Part 29,2021-10-02,504.0,0,504.0,72.0
Part 29,2021-10-04,0.0,512,512.0,72.0
Part 3,2021-10-02,144.0,0,144.0,104.0
Part 3,2021-10-04,0.0,165,165.0,104.0
Part 30,2021-10-02,333.0,0,333.0,332.0
Part 31,2021-10-16,56.0,0,56.0,36.0
Part 31,2021-10-18,0.0,43,43.0,36.0
Part 32,2021-09-16,1.0,37,36.0,4.0
Part 32,2021-09-17,37.0,72,35.0,4.0
Part 32,2021-09-27,72.0,42,30.0,4.0
Part 32,2021-09-28,42.0,37,5.0,4.0
Part 32,2021-09-30,36.0,2,34.0,4.0
Part 32,2021-10-13,0.0,19,19.0,4.0
Part 32,2021-10-15,23.0,1,22.0,4.0
Part 33,2021-10-18,0.0,187,187.0,165.0
Part 35,2021-10-16,9.0,0,9.0,8.0
Part 35,2021-10-22,12.0,26,14.0,8.0
Part 35,2021-10-25,26.0,7,19.0,8.0
Part 36,2021-09-30,0.0,23,23.0,10.0
Part 36,2021-10-01,23.0,7,16.0,10.0
Part 36,2021-10-18,0.0,17,17.0,10.0
Part 36,2021-10-19,17.0,30,13.0,10.0
Part 36,2021-10-22,42.0,27,15.0,10.0
Part 37,2021-09-27,485.0,192,293.0,208.0
Part 38,2021-10-02,125.0,0,125.0,123.0
Part 38,2021-10-04,0.0,133,133.0,123.0
Part 38,2021-11-01,37.0,207,170.0,123.0
Part 39,2021-10-02,34.0,0,34.0,29.0
Part 39,2021-10-16,42.0,0,42.0,29.0
Part 39,2021-10-18,0.0,48,48.0,29.0
Part 39,2021-10-21,47.0,14,33.0,29.0
Part 4,2021-10-02,295.0,0,295.0,211.0
Part 4,2021-10-04,0.0,230,230.0,211.0
Part 40,2021-10-18,0.0,15,15.0,4.0
Part 40,2021-10-20,19.0,7,12.0,4.0
Part 40,2021-10-21,7.0,1,6.0,4.0
Part 42,2021-11-01,13.0,32,19.0,17.0
Part 43,2021-09-30,17.0,134,117.0,20.0
Part 43,2021-10-02,130.0,0,130.0,20.0
Part 43,2021-10-26,0.0,23,23.0,20.0
Part 43,2021-10-28,30.0,6,24.0,20.0
Part 44,2021-09-30,5.0,16,11.0,7.0
Part 44,2021-10-02,21.0,0,21.0,7.0
Part 44,2021-10-22,5.0,15,10.0,7.0
Part 44,2021-10-28,11.0,1,10.0,7.0
Part 46,2021-09-27,7.0,22,15.0,8.0
Part 46,2021-09-28,22.0,5,17.0,8.0
Part 46,2021-09-30,6.0,22,16.0,8.0
Part 46,2021-10-02,15.0,0,15.0,8.0
Part 46,2021-10-04,0.0,11,11.0,8.0
Part 48,2021-11-01,24.0,4,20.0,16.0
Part 49,2021-10-18,0.0,29,29.0,28.0
Part 5,2021-10-04,0.0,121,121.0,116.0
Part 51,2021-10-16,95.0,0,95.0,76.0
Part 51,2021-10-18,0.0,100,100.0,76.0
Part 55,2021-09-30,0.0,17,17.0,16.0
Part 55,2021-10-02,21.0,0,21.0,16.0
Part 55,2021-10-04,0.0,29,29.0,16.0
Part 56,2021-10-02,187.0,0,187.0,147.0
Part 56,2021-10-04,0.0,189,189.0,147.0
Part 56,2021-10-16,231.0,0,231.0,147.0
Part 56,2021-10-18,0.0,183,183.0,147.0
Part 59,2021-09-15,38.0,94,56.0,50.0
Part 6,2021-10-02,113.0,0,113.0,32.0
Part 6,2021-10-04,0.0,111,111.0,32.0
Part 60,2021-10-02,855.0,0,855.0,398.0
Part 60,2021-10-04,0.0,860,860.0,398.0
Part 60,2021-10-16,759.0,0,759.0,398.0
Part 60,2021-10-18,0.0,798,798.0,398.0
Part 60,2021-10-25,732.0,329,403.0,398.0
Part 60,2021-11-01,456.0,938,482.0,398.0
Part 61,2021-10-02,74.0,0,74.0,73.0
Part 61,2021-10-16,88.0,0,88.0,73.0
Part 61,2021-10-18,0.0,81,81.0,73.0
Part 62,2021-10-08,22.0,90,68.0,51.0
Part 62,2021-10-12,90.0,166,76.0,51.0
Part 62,2021-10-16,136.0,0,136.0,51.0
Part 62,2021-10-18,0.0,146,146.0,51.0
Part 62,2021-11-01,170.0,100,70.0,51.0
Part 63,2021-09-30,66.0,277,211.0,186.0
Part 63,2021-10-02,275.0,0,275.0,186.0
Part 63,2021-10-04,0.0,270,270.0,186.0
Part 63,2021-10-16,213.0,0,213.0,186.0
Part 63,2021-10-18,0.0,215,215.0,186.0
Part 64,2021-10-16,48.0,0,48.0,38.0
Part 64,2021-10-18,0.0,51,51.0,38.0
Part 65,2021-10-02,452.0,0,452.0,122.0
Part 65,2021-10-04,0.0,429,429.0,122.0
Part 65,2021-10-05,429.0,279,150.0,122.0
Part 65,2021-10-12,264.0,432,168.0,122.0
Part 65,2021-10-16,411.0,0,411.0,122.0
Part 65,2021-10-18,0.0,415,415.0,122.0
Part 65,2021-10-25,408.0,229,179.0,122.0
Part 65,2021-11-01,294.0,452,158.0,122.0
Part 66,2021-10-02,855.0,0,855.0,398.0
Part 66,2021-10-04,0.0,860,860.0,398.0
Part 66,2021-10-16,759.0,0,759.0,398.0
Part 66,2021-10-18,0.0,798,798.0,398.0
Part 66,2021-10-25,732.0,329,403.0,398.0
Part 66,2021-11-01,456.0,938,482.0,398.0
Part 67,2021-10-02,74.0,0,74.0,73.0
Part 67,2021-10-16,88.0,0,88.0,73.0
Part 67,2021-10-18,0.0,81,81.0,73.0
Part 68,2021-10-08,22.0,90,68.0,51.0
Part 68,2021-10-12,90.0,166,76.0,51.0
Part 68,2021-10-16,136.0,0,136.0,51.0
Part 68,2021-10-18,0.0,146,146.0,51.0
Part 68,2021-11-01,170.0,100,70.0,51.0
Part 69,2021-09-30,66.0,277,211.0,186.0
Part 69,2021-10-02,275.0,0,275.0,186.0
Part 69,2021-10-04,0.0,270,270.0,186.0
Part 69,2021-10-16,213.0,0,213.0,186.0
Part 69,2021-10-18,0.0,215,215.0,186.0
Part 7,2021-09-28,1.0,21,20.0,4.0
Part 7,2021-09-29,21.0,29,8.0,4.0
Part 7,2021-09-30,29.0,6,23.0,4.0
Part 7,2021-10-02,5.0,0,5.0,4.0
Part 7,2021-10-04,0.0,5,5.0,4.0
Part 7,2021-10-20,5.0,0,5.0,4.0
Part 7,2021-10-25,1.0,47,46.0,4.0
Part 7,2021-10-27,46.0,67,21.0,4.0
Part 7,2021-10-28,67.0,61,6.0,4.0
Part 7,2021-10-29,61.0,16,45.0,4.0
Part 7,2021-11-01,16.0,3,13.0,4.0
Part 70,2021-10-16,48.0,0,48.0,38.0
Part 70,2021-10-18,0.0,51,51.0,38.0
Part 71,2021-10-02,452.0,0,452.0,122.0
Part 71,2021-10-04,0.0,429,429.0,122.0
Part 71,2021-10-05,429.0,279,150.0,122.0
Part 71,2021-10-12,264.0,432,168.0,122.0
Part 71,2021-10-16,411.0,0,411.0,122.0
Part 71,2021-10-18,0.0,415,415.0,122.0
Part 71,2021-10-25,408.0,229,179.0,122.0
Part 71,2021-11-01,294.0,452,158.0,122.0
Part 73,2021-10-02,154.0,0,154.0,73.0
Part 73,2021-10-04,0.0,133,133.0,73.0
Part 73,2021-10-16,107.0,0,107.0,73.0
Part 73,2021-10-18,0.0,90,90.0,73.0
Part 74,2021-09-15,0.0,162,162.0,93.0
Part 74,2021-10-04,0.0,106,106.0,93.0
Part 74,2021-10-16,171.0,0,171.0,93.0
Part 74,2021-10-18,0.0,208,208.0,93.0
Part 75,2021-09-15,0.0,217,217.0,97.0
Part 75,2021-10-02,231.0,0,231.0,97.0
Part 75,2021-10-04,0.0,202,202.0,97.0
Part 75,2021-10-12,227.0,82,145.0,97.0
Part 75,2021-10-16,99.0,0,99.0,97.0
Part 75,2021-10-18,0.0,187,187.0,97.0
Part 77,2021-10-02,147.0,0,147.0,82.0
Part 77,2021-10-04,0.0,126,126.0,82.0
Part 77,2021-10-16,103.0,0,103.0,82.0
Part 77,2021-10-18,0.0,86,86.0,82.0
Part 78,2021-09-28,42.0,117,75.0,73.0
Part 78,2021-10-02,154.0,0,154.0,73.0
Part 78,2021-10-04,0.0,133,133.0,73.0
Part 78,2021-10-16,107.0,0,107.0,73.0
Part 78,2021-10-18,0.0,90,90.0,73.0
Part 79,2021-09-28,0.0,12,12.0,4.0
Part 79,2021-09-30,11.0,6,5.0,4.0
Part 79,2021-10-02,7.0,0,7.0,4.0
Part 79,2021-10-04,0.0,7,7.0,4.0
Part 79,2021-10-07,11.0,6,5.0,4.0
Part 79,2021-10-08,6.0,0,6.0,4.0
Part 79,2021-10-21,4.0,13,9.0,4.0
Part 8,2021-09-28,1.0,21,20.0,4.0
Part 8,2021-09-29,21.0,29,8.0,4.0
Part 8,2021-09-30,29.0,6,23.0,4.0
Part 8,2021-10-02,5.0,0,5.0,4.0
Part 8,2021-10-04,0.0,5,5.0,4.0
Part 8,2021-10-20,5.0,0,5.0,4.0
Part 8,2021-10-25,1.0,47,46.0,4.0
Part 8,2021-10-27,46.0,73,27.0,4.0
Part 8,2021-10-28,73.0,66,7.0,4.0
Part 8,2021-10-29,66.0,16,50.0,4.0
Part 8,2021-11-01,16.0,3,13.0,4.0
Part 80,2021-09-27,0.0,277,277.0,238.0
Part 81,2021-09-27,0.0,376,376.0,284.0
Part 82,2021-09-27,0.0,99,99.0,17.0
Part 82,2021-10-02,93.0,0,93.0,17.0
Part 82,2021-10-04,0.0,103,103.0,17.0
Part 82,2021-10-07,121.0,96,25.0,17.0
Part 82,2021-10-16,96.0,0,96.0,17.0
Part 82,2021-10-18,0.0,96,96.0,17.0
Part 83,2021-09-27,0.0,21,21.0,16.0
Part 83,2021-10-18,0.0,18,18.0,16.0
Part 84,2021-09-27,0.0,21,21.0,16.0
Part 84,2021-10-18,0.0,18,18.0,16.0
Part 85,2021-10-21,8.0,23,15.0,13.0
Part 87,2021-09-30,0.0,25,25.0,17.0
Part 87,2021-10-02,27.0,0,27.0,17.0
Part 87,2021-10-04,0.0,27,27.0,17.0
Part 88,2021-10-08,0.0,71,71.0,70.0
Part 88,2021-10-20,12.0,108,96.0,70.0
Part 88,2021-10-27,56.0,215,159.0,70.0
Part 88,2021-10-28,215.0,28,187.0,70.0
Part 89,2021-10-04,0.0,65,65.0,33.0
Part 89,2021-10-05,65.0,24,41.0,33.0
Part 9,2021-09-28,1.0,21,20.0,4.0
Part 9,2021-09-29,21.0,29,8.0,4.0
Part 9,2021-09-30,29.0,6,23.0,4.0
Part 9,2021-10-02,5.0,0,5.0,4.0
Part 9,2021-10-04,0.0,5,5.0,4.0
Part 9,2021-10-20,5.0,0,5.0,4.0
Part 9,2021-10-25,1.0,47,46.0,4.0
Part 9,2021-10-27,46.0,73,27.0,4.0
Part 9,2021-10-28,73.0,66,7.0,4.0
Part 9,2021-10-29,66.0,16,50.0,4.0
Part 9,2021-11-01,16.0,3,13.0,4.0
Part 90,2021-09-30,0.0,25,25.0,17.0
Part 90,2021-10-02,27.0,0,27.0,17.0
Part 90,2021-10-04,0.0,27,27.0,17.0
Part 91,2021-09-27,58.0,0,58.0,24.0
Part 91,2021-09-30,0.0,56,56.0,24.0
Part 91,2021-10-02,64.0,0,64.0,24.0
Part 91,2021-10-04,0.0,60,60.0,24.0
Part 91,2021-10-21,44.0,74,30.0,24.0
Part 92,2021-09-14,266.0,4,262.0,128.0
Part 92,2021-09-16,0.0,608,608.0,128.0
Part 92,2021-10-02,666.0,0,666.0,128.0
Part 92,2021-10-04,0.0,668,668.0,128.0
Part 92,2021-11-01,630.0,124,506.0,128.0
Part 93,2021-09-29,0.0,2,2.0,1.0
Part 93,2021-09-30,2.0,0,2.0,1.0
Part 93,2021-10-13,2.0,4,2.0,1.0
Part 93,2021-10-14,4.0,1,3.0,1.0
Part 93,2021-10-28,0.0,6,6.0,1.0
Part 94,2021-11-01,45.0,28,17.0,16.0
Part 95,2021-10-28,99.0,276,177.0,165.0
Part 96,2021-09-29,0.0,2,2.0,1.0
Part 96,2021-09-30,2.0,0,2.0,1.0
Part 96,2021-10-13,2.0,4,2.0,1.0
Part 96,2021-10-14,4.0,1,3.0,1.0
Part 96,2021-10-28,0.0,6,6.0,1.0
Part 97,2021-09-14,127.0,32,95.0,58.0
Part 97,2021-09-30,23.0,107,84.0,58.0
Part 97,2021-10-02,105.0,0,105.0,58.0
Part 97,2021-10-04,0.0,100,100.0,58.0
Part 97,2021-10-25,107.0,37,70.0,58.0
Part 99,2021-09-15,150.0,48,102.0,36.0
Part 99,2021-09-30,57.0,11,46.0,36.0
Part 99,2021-11-01,49.0,11,38.0,36.0
